Title,Price,Date
Funny Got Data MIS Data Systems Business Analyst T-Shirt,,2024-09-13
Funny Got Data MIS Data Systems Business Analyst T-Shirt,,2024-09-13
Funny Got Data MIS Data Systems Business Analyst T-Shirt,,2024-09-13
Funny Got Data MIS Data Systems Business Analyst T-Shirt,,2024-09-13
Funny Got Data MIS Data Systems Business Analyst T-Shirt,,2024-09-13
Funny Got Data MIS Data Systems Business Analyst T-Shirt,,2024-09-13
Funny Got Data MIS Data Systems Business Analyst T-Shirt,,2024-09-13
Funny Got Data MIS Data Systems Business Analyst T-Shirt,,2024-09-13
Funny Got Data MIS Data Systems Business Analyst T-Shirt,,2024-09-13
Funny Got Data MIS Data Systems Business Analyst T-Shirt,,2024-09-13
Funny Got Data MIS Data Systems Business Analyst T-Shirt,,2024-09-13
Funny Got Data MIS Data Systems Business Analyst T-Shirt,,2024-09-13
Funny Got Data MIS Data Systems Business Analyst T-Shirt,,2024-09-13
Funny Got Data MIS Data Systems Business Analyst T-Shirt,,2024-09-13
Funny Got Data MIS Data Systems Business Analyst T-Shirt,,2024-09-13
Funny Got Data MIS Data Systems Business Analyst T-Shirt,,2024-09-13
Funny Got Data MIS Data Systems Business Analyst T-Shirt,,2024-09-13
Funny Got Data MIS Data Systems Business Analyst T-Shirt,,2024-09-13
